<xml xmlns:o="urn:schemas-microsoft-com:office:office">
 <o:File HRef="master04.htm"/>
 <o:File HRef="master04.xml"/>
 <o:File HRef="preview.wmf"/>
 <o:File HRef="pres.xml"/>
 <o:File HRef="slide0001.htm"/>
 <o:File HRef="slide0001.xml"/>
 <o:File HRef="master04_image001.gif"/>
 <o:File HRef="slide0001_image002.gif"/>
 <o:File HRef="slide0002.htm"/>
 <o:File HRef="slide0003.htm"/>
 <o:File HRef="slide0010.htm"/>
 <o:File HRef="slide0010_image003.png"/>
 <o:File HRef="slide0010_image004.gif"/>
 <o:File HRef="slide0012.htm"/>
 <o:File HRef="slide0012_image005.gif"/>
 <o:File HRef="slide0006.htm"/>
 <o:File HRef="slide0006.xml"/>
 <o:File HRef="slide0006_image006.png"/>
 <o:File HRef="slide0006_image007.gif"/>
 <o:File HRef="slide0015.htm"/>
 <o:File HRef="slide0009.htm"/>
 <o:File HRef="slide0009.xml"/>
 <o:File HRef="slide0009_image008.gif"/>
 <o:File HRef="slide0014.htm"/>
 <o:File HRef="slide0014_image009.gif"/>
 <o:File HRef="slide0014_image010.gif"/>
 <o:File HRef="slide0016.htm"/>
 <o:File HRef="slide0016_image011.gif"/>
 <o:File HRef="slide0022.htm"/>
 <o:File HRef="slide0022.xml"/>
 <o:File HRef="slide0022_image012.gif"/>
 <o:File HRef="slide0023.htm"/>
 <o:File HRef="slide0023.xml"/>
 <o:File HRef="slide0023_image013.gif"/>
 <o:File HRef="slide0032.htm"/>
 <o:File HRef="slide0032_image014.emz"/>
 <o:File HRef="oledata.mso"/>
 <o:File HRef="slide0032_image015.gif"/>
 <o:File HRef="slide0032_image016.gif"/>
 <o:File HRef="slide0018.htm"/>
 <o:File HRef="slide0017.htm"/>
 <o:File HRef="slide0033.htm"/>
 <o:File HRef="slide0019.htm"/>
 <o:File HRef="slide0020.htm"/>
 <o:File HRef="slide0021.htm"/>
 <o:File HRef="slide0024.htm"/>
 <o:File HRef="slide0024_image017.gif"/>
 <o:File HRef="slide0025.htm"/>
 <o:File HRef="slide0025_image018.gif"/>
 <o:File HRef="slide0026.htm"/>
 <o:File HRef="slide0026_image019.gif"/>
 <o:File HRef="slide0026_image020.gif"/>
 <o:File HRef="slide0026_image021.gif"/>
 <o:File HRef="slide0027.htm"/>
 <o:File HRef="slide0027_image022.gif"/>
 <o:File HRef="slide0027_image023.gif"/>
 <o:File HRef="slide0027_image024.gif"/>
 <o:File HRef="slide0027_image025.gif"/>
 <o:File HRef="slide0027_image026.gif"/>
 <o:File HRef="slide0027_image027.gif"/>
 <o:File HRef="slide0028.htm"/>
 <o:File HRef="slide0029.htm"/>
 <o:File HRef="slide0030.htm"/>
 <o:File HRef="slide0031.htm"/>
 <o:File HRef="slide0031_image028.wmz"/>
 <o:File HRef="slide0031_image029.gif"/>
 <o:File HRef="slide0034.htm"/>
 <o:File HRef="master01.htm"/>
 <o:File HRef="master04_stylesheet.css"/>
 <o:File HRef="script.js"/>
 <o:MainFile HRef="../Affiliates.htm"/>
 <o:File HRef="error.htm"/>
 <o:File HRef="fullscreen.htm"/>
 <o:File HRef="notes_flag.gif"/>
 <o:File HRef="buttons.gif"/>
 <o:File HRef="frame.htm"/>
 <o:File HRef="outline.htm"/>
 <o:File HRef="filelist.xml"/>
</xml>