<xml xmlns:v="urn:schemas-microsoft-com:vml"
 xmlns:o="urn:schemas-microsoft-com:office:office"
 xmlns:p="urn:schemas-microsoft-com:office:powerpoint">
 <p:presentation>
  <p:master id="4" type="main" href="master04.htm" xmlhref="master04.xml"
   template="lab seminar 02-04-2002" layout="title_body"
   slots="title,body,dateTime,footer,slideNumber">
   <p:schemes>
    <p:colorscheme
     colors="#FFFFFF,#000000,#808080,#000000,#00CC99,#3333CC,#CCCCFF,#B2B2B2"/>
    <p:colorscheme
     colors="#0000FF,#FFFFFF,#000000,#FFFF00,#FF9900,#00FFFF,#FF0000,#969696"/>
    <p:colorscheme
     colors="#FFFFCC,#000000,#666633,#808000,#339933,#800000,#0033CC,#FFCC66"/>
    <p:colorscheme
     colors="#FFFFFF,#000000,#333333,#000000,#DDDDDD,#808080,#4D4D4D,#EAEAEA"/>
    <p:colorscheme
     colors="#FFFFFF,#000000,#808080,#000000,#FFCC66,#0000FF,#CC00CC,#C0C0C0"/>
    <p:colorscheme
     colors="#FFFFFF,#000000,#808080,#000000,#C0C0C0,#0066FF,#FF0000,#009900"/>
    <p:colorscheme
     colors="#FFFFFF,#000000,#808080,#000000,#3399FF,#99FFCC,#CC00CC,#B2B2B2"/>
   </p:schemes>
  </p:master>
  <p:master id="1" type="notes" href="master01.htm" layout="notes"
   slots="header,dateTime,slideImage,body,footer,slideNumber"/>
  <p:slide id="1" href="slide0001.htm" xmlhref="slide0001.xml"
   layout="title_subtitle" slots="centerTitle,subTitle"/>
  <p:slide id="2" href="slide0002.htm" layout="title_body" slots="title,body"/>
  <p:slide id="3" href="slide0003.htm" layout="title_body" slots="title,body"/>
  <p:slide id="10" href="slide0010.htm" collapseoutline="t"/>
  <p:slide id="12" href="slide0012.htm" layout="title_body" slots="title,body"/>
  <p:slide id="6" href="slide0006.htm" xmlhref="slide0006.xml"
   layout="title_body" slots="title,body"/>
  <p:slide id="15" href="slide0015.htm" layout="title_body" slots="title,body"/>
  <p:slide id="9" href="slide0009.htm" xmlhref="slide0009.xml"
   layout="2_columns" slots="title,clipart,body" collapseoutline="t"/>
  <p:slide id="14" href="slide0014.htm" layout="title_only" slots="title"/>
  <p:slide id="16" href="slide0016.htm" layout="title_body" slots="title,body"
   collapseoutline="t"/>
  <p:slide id="22" href="slide0022.htm" xmlhref="slide0022.xml"
   layout="title_body" slots="title,body"/>
  <p:slide id="23" href="slide0023.htm" xmlhref="slide0023.xml"
   layout="title_body" slots="title,body"/>
  <p:slide id="32" href="slide0032.htm" layout="title_body" slots="title,body"
   collapseoutline="t"/>
  <p:slide id="18" href="slide0018.htm" layout="title_body" slots="title,body"/>
  <p:slide id="17" href="slide0017.htm" layout="title_body" slots="title,body"/>
  <p:slide id="33" href="slide0033.htm" layout="title_body" slots="title,body"/>
  <p:slide id="19" href="slide0019.htm"/>
  <p:slide id="20" href="slide0020.htm" layout="title_body" slots="title,body"/>
  <p:slide id="21" href="slide0021.htm" layout="title_body" slots="title,body"/>
  <p:slide id="24" href="slide0024.htm" layout="title_only" slots="title"/>
  <p:slide id="25" href="slide0025.htm" layout="title_body" slots="title,body"/>
  <p:slide id="26" href="slide0026.htm" layout="title_body" slots="title,body"/>
  <p:slide id="27" href="slide0027.htm" layout="title_body" slots="title,body"/>
  <p:slide id="28" href="slide0028.htm" layout="title_body" slots="title,body"/>
  <p:slide id="29" href="slide0029.htm" layout="title_body" slots="title,body"/>
  <p:slide id="30" href="slide0030.htm" layout="title_body" slots="title,body"/>
  <p:slide id="31" href="slide0031.htm" layout="title_body" slots="title,body"/>
  <p:slide id="34" href="slide0034.htm" layout="title_body" slots="title,body"/>
  <p:viewstate type="slideView" restoredleft="444" vertbarstate="0"
   horizbarstate="2" manualadjustleft="t"/>
  <p:slideshowsettings pencolor="schemeText"/>
  <p:font name="Times New Roman" charset="0" type="4" family="18"/>
  <p:font name="Arial" charset="0" type="4" family="34"/>
  <p:font name="Courier New" charset="0" type="4" family="49"/>
  <p:font name="Wingdings" charset="2" type="4" family="2"/>
  <p:font name="Tahoma" charset="0" type="4" family="34"/>
  <p:headersfooters noheader="t"/>
  <p:pptdocumentsettings framecolors="WhiteTextOnBlack" hideslideanimation="t"/>
 </p:presentation>
 <o:shapedefaults v:ext="edit" spidmax="54274">
  <o:colormru v:ext="edit" colors="green"/>
  <o:colormenu v:ext="edit" fillcolor="none [7]"/>
 </o:shapedefaults></xml>