<xml xmlns:v="urn:schemas-microsoft-com:vml"
 xmlns:o="urn:schemas-microsoft-com:office:office"
 xmlns:p="urn:schemas-microsoft-com:office:powerpoint">
 <o:shapelayout v:ext="edit">
  <o:idmap v:ext="edit" data="17,47"/>
 </o:shapelayout><p:shaperange id="_x0000_s17410">
  <v:shape id="_x0000_s17410" type="#_x0000_m5122" style='position:absolute;
   left:54pt;top:30pt;width:612pt;height:54pt' o:userdrawn="f">
   <v:fill o:detectmouseclick="f"/>
   <v:stroke o:forcedash="f"/>
   <o:lock v:ext="edit" text="f"/>
   <p:placeholder type="title"/>
  </v:shape><v:shape id="_x0000_s17411" type="#_x0000_m5123" style='position:absolute;
   left:330pt;top:102pt;width:336pt;height:378pt' o:userdrawn="f">
   <v:fill o:detectmouseclick="f"/>
   <v:stroke o:forcedash="f"/>
   <o:lock v:ext="edit" text="f"/>
   <p:placeholder type="body" position="1"/>
  </v:shape><v:group id="_x0000_s17526" style='position:absolute;left:72.5pt;
   top:102pt;width:238pt;height:389.5pt' coordorigin="580,816" coordsize="1904,3116">
   <v:shapetype id="_x0000_t75" coordsize="21600,21600" o:spt="75"
    o:preferrelative="t" path="m@4@5l@4@11@9@11@9@5xe" filled="f" stroked="f">
    <v:stroke joinstyle="miter"/>
    <v:formulas>
     <v:f eqn="if lineDrawn pixelLineWidth 0"/>
     <v:f eqn="sum @0 1 0"/>
     <v:f eqn="sum 0 0 @1"/>
     <v:f eqn="prod @2 1 2"/>
     <v:f eqn="prod @3 21600 pixelWidth"/>
     <v:f eqn="prod @3 21600 pixelHeight"/>
     <v:f eqn="sum @0 0 1"/>
     <v:f eqn="prod @6 1 2"/>
     <v:f eqn="prod @7 21600 pixelWidth"/>
     <v:f eqn="sum @8 21600 0"/>
     <v:f eqn="prod @7 21600 pixelHeight"/>
     <v:f eqn="sum @10 21600 0"/>
    </v:formulas>
    <v:path o:extrusionok="f" gradientshapeok="t" o:connecttype="rect"/>
    <o:lock v:ext="edit" aspectratio="t"/>
   </v:shapetype><v:shape id="_x0000_s17412" type="#_x0000_t75" style='position:absolute;
    left:624;top:816;width:1860;height:1768' fillcolor="#0c9 [4]"
    strokecolor="black [1]">
    <v:fill color2="white [0]"/>
    <v:imagedata src="slide0006_image006.png" o:title=""/>
    <v:shadow color="gray [2]"/>
   </v:shape><v:rect id="_x0000_s17413" style='position:absolute;left:1924;
    top:1092;width:96;height:96;mso-wrap-style:none;v-text-anchor:middle'
    fillcolor="white [0]" strokecolor="red" strokeweight="2.25pt">
    <v:shadow color="gray [2]"/>
   </v:rect><v:rect id="_x0000_s17414" style='position:absolute;left:2020;
    top:1092;width:96;height:96;mso-wrap-style:none;v-text-anchor:middle'
    fillcolor="white [0]" strokecolor="red" strokeweight="2.25pt">
    <v:shadow color="gray [2]"/>
   </v:rect><v:rect id="_x0000_s17415" style='position:absolute;left:2116;
    top:1092;width:96;height:96;mso-wrap-style:none;v-text-anchor:middle'
    fillcolor="white [0]" strokecolor="red" strokeweight="2.25pt">
    <v:shadow color="gray [2]"/>
   </v:rect><v:rect id="_x0000_s17416" style='position:absolute;left:1828;
    top:1092;width:96;height:96;mso-wrap-style:none;v-text-anchor:middle'
    fillcolor="white [0]" strokecolor="red" strokeweight="2.25pt">
    <v:shadow color="gray [2]"/>
   </v:rect><v:rect id="_x0000_s17417" style='position:absolute;left:1924;
    top:1188;width:96;height:96;mso-wrap-style:none;v-text-anchor:middle'
    fillcolor="white [0]" strokecolor="red" strokeweight="2.25pt">
    <v:shadow color="gray [2]"/>
   </v:rect><v:rect id="_x0000_s17418" style='position:absolute;left:2020;
    top:1188;width:96;height:96;mso-wrap-style:none;v-text-anchor:middle'
    fillcolor="white [0]" strokecolor="red" strokeweight="2.25pt">
    <v:shadow color="gray [2]"/>
   </v:rect><v:rect id="_x0000_s17419" style='position:absolute;left:2116;
    top:1188;width:96;height:96;mso-wrap-style:none;v-text-anchor:middle'
    fillcolor="white [0]" strokecolor="red" strokeweight="2.25pt">
    <v:shadow color="gray [2]"/>
   </v:rect><v:rect id="_x0000_s17420" style='position:absolute;left:1828;
    top:1188;width:96;height:96;mso-wrap-style:none;v-text-anchor:middle'
    fillcolor="white [0]" strokecolor="red" strokeweight="2.25pt">
    <v:shadow color="gray [2]"/>
   </v:rect><v:rect id="_x0000_s17421" style='position:absolute;left:1924;
    top:1284;width:96;height:96;mso-wrap-style:none;v-text-anchor:middle'
    fillcolor="white [0]" strokecolor="red" strokeweight="2.25pt">
    <v:shadow color="gray [2]"/>
   </v:rect><v:rect id="_x0000_s17422" style='position:absolute;left:2020;
    top:1284;width:96;height:96;mso-wrap-style:none;v-text-anchor:middle'
    fillcolor="white [0]" strokecolor="red" strokeweight="2.25pt">
    <v:shadow color="gray [2]"/>
   </v:rect><v:rect id="_x0000_s17423" style='position:absolute;left:2116;
    top:1284;width:96;height:96;mso-wrap-style:none;v-text-anchor:middle'
    fillcolor="white [0]" strokecolor="red" strokeweight="2.25pt">
    <v:shadow color="gray [2]"/>
   </v:rect><v:rect id="_x0000_s17424" style='position:absolute;left:1828;
    top:1284;width:96;height:96;mso-wrap-style:none;v-text-anchor:middle'
    fillcolor="white [0]" strokecolor="red" strokeweight="2.25pt">
    <v:shadow color="gray [2]"/>
   </v:rect><v:rect id="_x0000_s17425" style='position:absolute;left:1924;
    top:1380;width:96;height:96;mso-wrap-style:none;v-text-anchor:middle'
    fillcolor="white [0]" strokecolor="red" strokeweight="2.25pt">
    <v:shadow color="gray [2]"/>
   </v:rect><v:rect id="_x0000_s17426" style='position:absolute;left:2020;
    top:1380;width:96;height:96;mso-wrap-style:none;v-text-anchor:middle'
    fillcolor="white [0]" strokecolor="red" strokeweight="2.25pt">
    <v:shadow color="gray [2]"/>
   </v:rect><v:rect id="_x0000_s17427" style='position:absolute;left:2116;
    top:1380;width:96;height:96;mso-wrap-style:none;v-text-anchor:middle'
    fillcolor="white [0]" strokecolor="red" strokeweight="2.25pt">
    <v:shadow color="gray [2]"/>
   </v:rect><v:rect id="_x0000_s17428" style='position:absolute;left:1828;
    top:1380;width:96;height:96;mso-wrap-style:none;v-text-anchor:middle'
    fillcolor="white [0]" strokecolor="red" strokeweight="2.25pt">
    <v:shadow color="gray [2]"/>
   </v:rect><v:rect id="_x0000_s17429" style='position:absolute;left:1924;
    top:1476;width:96;height:96;mso-wrap-style:none;v-text-anchor:middle'
    fillcolor="white [0]" strokecolor="red" strokeweight="2.25pt">
    <v:shadow color="gray [2]"/>
   </v:rect><v:rect id="_x0000_s17430" style='position:absolute;left:2020;
    top:1476;width:96;height:96;mso-wrap-style:none;v-text-anchor:middle'
    fillcolor="white [0]" strokecolor="red" strokeweight="2.25pt">
    <v:shadow color="gray [2]"/>
   </v:rect><v:rect id="_x0000_s17431" style='position:absolute;left:2116;
    top:1476;width:96;height:96;mso-wrap-style:none;v-text-anchor:middle'
    fillcolor="white [0]" strokecolor="red" strokeweight="2.25pt">
    <v:shadow color="gray [2]"/>
   </v:rect><v:rect id="_x0000_s17432" style='position:absolute;left:1828;
    top:1476;width:96;height:96;mso-wrap-style:none;v-text-anchor:middle'
    fillcolor="white [0]" strokecolor="red" strokeweight="2.25pt">
    <v:shadow color="gray [2]"/>
   </v:rect><v:rect id="_x0000_s17433" style='position:absolute;left:1924;
    top:1572;width:96;height:96;mso-wrap-style:none;v-text-anchor:middle'
    fillcolor="white [0]" strokecolor="red" strokeweight="2.25pt">
    <v:shadow color="gray [2]"/>
   </v:rect><v:rect id="_x0000_s17434" style='position:absolute;left:2020;
    top:1572;width:96;height:96;mso-wrap-style:none;v-text-anchor:middle'
    fillcolor="white [0]" strokecolor="red" strokeweight="2.25pt">
    <v:shadow color="gray [2]"/>
   </v:rect><v:rect id="_x0000_s17435" style='position:absolute;left:2116;
    top:1572;width:96;height:96;mso-wrap-style:none;v-text-anchor:middle'
    fillcolor="white [0]" strokecolor="red" strokeweight="2.25pt">
    <v:shadow color="gray [2]"/>
   </v:rect><v:rect id="_x0000_s17436" style='position:absolute;left:1828;
    top:1572;width:96;height:96;mso-wrap-style:none;v-text-anchor:middle'
    fillcolor="white [0]" strokecolor="red" strokeweight="2.25pt">
    <v:shadow color="gray [2]"/>
   </v:rect><v:rect id="_x0000_s17437" style='position:absolute;left:1924;
    top:1668;width:96;height:96;mso-wrap-style:none;v-text-anchor:middle'
    fillcolor="white [0]" strokecolor="red" strokeweight="2.25pt">
    <v:shadow color="gray [2]"/>
   </v:rect><v:rect id="_x0000_s17438" style='position:absolute;left:2020;
    top:1668;width:96;height:96;mso-wrap-style:none;v-text-anchor:middle'
    fillcolor="white [0]" strokecolor="red" strokeweight="2.25pt">
    <v:shadow color="gray [2]"/>
   </v:rect><v:rect id="_x0000_s17439" style='position:absolute;left:2116;
    top:1668;width:96;height:96;mso-wrap-style:none;v-text-anchor:middle'
    fillcolor="white [0]" strokecolor="red" strokeweight="2.25pt">
    <v:shadow color="gray [2]"/>
   </v:rect><v:rect id="_x0000_s17440" style='position:absolute;left:1828;
    top:1668;width:96;height:96;mso-wrap-style:none;v-text-anchor:middle'
    fillcolor="white [0]" strokecolor="red" strokeweight="2.25pt">
    <v:shadow color="gray [2]"/>
   </v:rect><v:rect id="_x0000_s17441" style='position:absolute;left:1924;
    top:1764;width:96;height:96;mso-wrap-style:none;v-text-anchor:middle'
    fillcolor="white [0]" strokecolor="red" strokeweight="2.25pt">
    <v:shadow color="gray [2]"/>
   </v:rect><v:rect id="_x0000_s17442" style='position:absolute;left:2020;
    top:1764;width:96;height:96;mso-wrap-style:none;v-text-anchor:middle'
    fillcolor="white [0]" strokecolor="red" strokeweight="2.25pt">
    <v:shadow color="gray [2]"/>
   </v:rect><v:rect id="_x0000_s17443" style='position:absolute;left:2116;
    top:1764;width:96;height:96;mso-wrap-style:none;v-text-anchor:middle'
    fillcolor="white [0]" strokecolor="red" strokeweight="2.25pt">
    <v:shadow color="gray [2]"/>
   </v:rect><v:rect id="_x0000_s17444" style='position:absolute;left:1828;
    top:1764;width:96;height:96;mso-wrap-style:none;v-text-anchor:middle'
    fillcolor="white [0]" strokecolor="red" strokeweight="2.25pt">
    <v:shadow color="gray [2]"/>
   </v:rect><v:rect id="_x0000_s17445" style='position:absolute;left:1924;
    top:1860;width:96;height:96;mso-wrap-style:none;v-text-anchor:middle'
    fillcolor="#b2b2b2 [7]" strokecolor="red" strokeweight="2.25pt">
    <v:shadow color="gray [2]"/>
   </v:rect><v:rect id="_x0000_s17446" style='position:absolute;left:2020;
    top:1860;width:96;height:96;mso-wrap-style:none;v-text-anchor:middle'
    fillcolor="white [0]" strokecolor="red" strokeweight="2.25pt">
    <v:shadow color="gray [2]"/>
   </v:rect><v:rect id="_x0000_s17447" style='position:absolute;left:2116;
    top:1860;width:96;height:96;mso-wrap-style:none;v-text-anchor:middle'
    fillcolor="white [0]" strokecolor="red" strokeweight="2.25pt">
    <v:shadow color="gray [2]"/>
   </v:rect><v:rect id="_x0000_s17448" style='position:absolute;left:1828;
    top:1860;width:96;height:96;mso-wrap-style:none;v-text-anchor:middle'
    fillcolor="white [0]" strokecolor="red" strokeweight="2.25pt">
    <v:shadow color="gray [2]"/>
   </v:rect><v:rect id="_x0000_s17449" style='position:absolute;left:1924;
    top:1956;width:96;height:96;mso-wrap-style:none;v-text-anchor:middle'
    fillcolor="white [0]" strokecolor="red" strokeweight="2.25pt">
    <v:shadow color="gray [2]"/>
   </v:rect><v:rect id="_x0000_s17450" style='position:absolute;left:2020;
    top:1956;width:96;height:96;mso-wrap-style:none;v-text-anchor:middle'
    fillcolor="white [0]" strokecolor="red" strokeweight="2.25pt">
    <v:shadow color="gray [2]"/>
   </v:rect><v:rect id="_x0000_s17451" style='position:absolute;left:2116;
    top:1956;width:96;height:96;mso-wrap-style:none;v-text-anchor:middle'
    fillcolor="white [0]" strokecolor="red" strokeweight="2.25pt">
    <v:shadow color="gray [2]"/>
   </v:rect><v:rect id="_x0000_s17452" style='position:absolute;left:1828;
    top:1956;width:96;height:96;mso-wrap-style:none;v-text-anchor:middle'
    fillcolor="white [0]" strokecolor="red" strokeweight="2.25pt">
    <v:shadow color="gray [2]"/>
   </v:rect><v:rect id="_x0000_s17453" style='position:absolute;left:1924;
    top:2052;width:96;height:96;mso-wrap-style:none;v-text-anchor:middle'
    fillcolor="white [0]" strokecolor="red" strokeweight="2.25pt">
    <v:shadow color="gray [2]"/>
   </v:rect><v:rect id="_x0000_s17454" style='position:absolute;left:2020;
    top:2052;width:96;height:96;mso-wrap-style:none;v-text-anchor:middle'
    fillcolor="white [0]" strokecolor="red" strokeweight="2.25pt">
    <v:shadow color="gray [2]"/>
   </v:rect><v:rect id="_x0000_s17455" style='position:absolute;left:2116;
    top:2052;width:96;height:96;mso-wrap-style:none;v-text-anchor:middle'
    fillcolor="white [0]" strokecolor="red" strokeweight="2.25pt">
    <v:shadow color="gray [2]"/>
   </v:rect><v:rect id="_x0000_s17456" style='position:absolute;left:1828;
    top:2052;width:96;height:96;mso-wrap-style:none;v-text-anchor:middle'
    fillcolor="white [0]" strokecolor="red" strokeweight="2.25pt">
    <v:shadow color="gray [2]"/>
   </v:rect><v:rect id="_x0000_s17457" style='position:absolute;left:1924;
    top:2148;width:96;height:96;mso-wrap-style:none;v-text-anchor:middle'
    fillcolor="white [0]" strokecolor="red" strokeweight="2.25pt">
    <v:shadow color="gray [2]"/>
   </v:rect><v:rect id="_x0000_s17458" style='position:absolute;left:2020;
    top:2148;width:96;height:96;mso-wrap-style:none;v-text-anchor:middle'
    fillcolor="white [0]" strokecolor="red" strokeweight="2.25pt">
    <v:shadow color="gray [2]"/>
   </v:rect><v:rect id="_x0000_s17459" style='position:absolute;left:2116;
    top:2148;width:96;height:96;mso-wrap-style:none;v-text-anchor:middle'
    fillcolor="white [0]" strokecolor="red" strokeweight="2.25pt">
    <v:shadow color="gray [2]"/>
   </v:rect><v:rect id="_x0000_s17460" style='position:absolute;left:1828;
    top:2148;width:96;height:96;mso-wrap-style:none;v-text-anchor:middle'
    fillcolor="white [0]" strokecolor="red" strokeweight="2.25pt">
    <v:shadow color="gray [2]"/>
   </v:rect><v:rect id="_x0000_s17461" style='position:absolute;left:1924;
    top:2244;width:96;height:96;mso-wrap-style:none;v-text-anchor:middle'
    fillcolor="white [0]" strokecolor="red" strokeweight="2.25pt">
    <v:shadow color="gray [2]"/>
   </v:rect><v:rect id="_x0000_s17462" style='position:absolute;left:2020;
    top:2244;width:96;height:96;mso-wrap-style:none;v-text-anchor:middle'
    fillcolor="white [0]" strokecolor="red" strokeweight="2.25pt">
    <v:shadow color="gray [2]"/>
   </v:rect><v:rect id="_x0000_s17463" style='position:absolute;left:2116;
    top:2244;width:96;height:96;mso-wrap-style:none;v-text-anchor:middle'
    fillcolor="white [0]" strokecolor="red" strokeweight="2.25pt">
    <v:shadow color="gray [2]"/>
   </v:rect><v:rect id="_x0000_s17464" style='position:absolute;left:1828;
    top:2244;width:96;height:96;mso-wrap-style:none;v-text-anchor:middle'
    fillcolor="white [0]" strokecolor="red" strokeweight="2.25pt">
    <v:shadow color="gray [2]"/>
   </v:rect><v:line id="_x0000_s17465" style='position:absolute;flip:y' from="580,1860"
    to="1924,2772" strokecolor="black [1]" strokeweight="3pt">
    <v:shadow color="gray [2]"/>
   </v:line><v:line id="_x0000_s17466" style='position:absolute;flip:y' from="1732,1860"
    to="2020,2772" strokecolor="black [1]" strokeweight="3pt">
    <v:shadow color="gray [2]"/>
   </v:line><v:line id="_x0000_s17467" style='position:absolute;flip:y' from="1732,1956"
    to="2020,3924" strokecolor="black [1]" strokeweight="3pt">
    <v:shadow color="gray [2]"/>
   </v:line><v:line id="_x0000_s17468" style='position:absolute;flip:x' from="1348,1956"
    to="1924,2772" strokecolor="black [1]" strokeweight="3pt">
    <v:shadow color="gray [2]"/>
   </v:line><v:rect id="_x0000_s17469" style='position:absolute;left:1924;
    top:1004;width:96;height:96;mso-wrap-style:none;v-text-anchor:middle'
    fillcolor="white [0]" strokecolor="red" strokeweight="2.25pt">
    <v:shadow color="gray [2]"/>
   </v:rect><v:rect id="_x0000_s17470" style='position:absolute;left:2020;
    top:1004;width:96;height:96;mso-wrap-style:none;v-text-anchor:middle'
    fillcolor="white [0]" strokecolor="red" strokeweight="2.25pt">
    <v:shadow color="gray [2]"/>
   </v:rect><v:rect id="_x0000_s17471" style='position:absolute;left:2116;
    top:1004;width:96;height:96;mso-wrap-style:none;v-text-anchor:middle'
    fillcolor="white [0]" strokecolor="red" strokeweight="2.25pt">
    <v:shadow color="gray [2]"/>
   </v:rect><v:rect id="_x0000_s17472" style='position:absolute;left:1828;
    top:1004;width:96;height:96;mso-wrap-style:none;v-text-anchor:middle'
    fillcolor="white [0]" strokecolor="red" strokeweight="2.25pt">
    <v:shadow color="gray [2]"/>
   </v:rect><v:group id="_x0000_s17473" style='position:absolute;left:580;
    top:2772;width:1152;height:1160' coordorigin="636,1148" coordsize="1152,1160">
    <v:line id="_x0000_s17474" style='position:absolute;mso-wrap-style:none;
     v-text-anchor:middle' from="636,1512" to="1772,1512" strokeweight="1pt">
     <v:shadow color="gray [2]"/>
    </v:line><v:rect id="_x0000_s17475" style='position:absolute;left:1184;
     top:1736;width:208;height:208;mso-wrap-style:none;v-text-anchor:middle'
     strokeweight="4pt">
     <v:shadow color="gray [2]"/>
    </v:rect><v:line id="_x0000_s17476" style='position:absolute;
     mso-wrap-style:none;v-text-anchor:middle' from="992,1156" to="992,2300"
     strokeweight="1pt">
     <v:shadow color="gray [2]"/>
    </v:line><v:line id="_x0000_s17477" style='position:absolute;
     mso-wrap-style:none;v-text-anchor:middle' from="644,1440" to="1780,1440"
     strokeweight="1pt">
     <v:shadow color="gray [2]"/>
    </v:line><v:line id="_x0000_s17478" style='position:absolute;
     mso-wrap-style:none;v-text-anchor:middle' from="776,1164" to="776,2300"
     strokeweight="1pt">
     <v:shadow color="gray [2]"/>
    </v:line><v:line id="_x0000_s17479" style='position:absolute;flip:x;
     mso-wrap-style:none;v-text-anchor:middle' from="636,1296" to="1788,1296"
     strokeweight="1pt">
     <v:shadow color="gray [2]"/>
    </v:line><v:line id="_x0000_s17480" style='position:absolute;flip:y;
     mso-wrap-style:none;v-text-anchor:middle' from="920,1148" to="920,2308"
     strokeweight="1pt">
     <v:shadow color="gray [2]"/>
    </v:line><v:line id="_x0000_s17481" style='position:absolute;flip:y;
     mso-wrap-style:none;v-text-anchor:middle' from="848,1148" to="848,2308"
     strokeweight="1pt">
     <v:shadow color="gray [2]"/>
    </v:line><v:line id="_x0000_s17482" style='position:absolute;
     mso-wrap-style:none;v-text-anchor:middle' from="636,1368" to="1780,1368"
     strokeweight="1pt">
     <v:shadow color="gray [2]"/>
    </v:line><v:line id="_x0000_s17483" style='position:absolute;
     mso-wrap-style:none;v-text-anchor:middle' from="644,1224" to="1780,1224"
     strokeweight="1pt">
     <v:shadow color="gray [2]"/>
    </v:line><v:line id="_x0000_s17484" style='position:absolute;
     mso-wrap-style:none;v-text-anchor:middle' from="1064,1156" to="1064,2300"
     strokeweight="1pt">
     <v:shadow color="gray [2]"/>
    </v:line><v:line id="_x0000_s17485" style='position:absolute;
     mso-wrap-style:none;v-text-anchor:middle' from="780,1444" to="844,1508"
     strokeweight="1pt">
     <v:shadow color="gray [2]"/>
    </v:line><v:line id="_x0000_s17486" style='position:absolute;
     mso-wrap-style:none;v-text-anchor:middle' from="780,1372" to="916,1508"
     strokeweight="1pt">
     <v:shadow color="gray [2]"/>
    </v:line><v:line id="_x0000_s17487" style='position:absolute;
     mso-wrap-style:none;v-text-anchor:middle' from="780,1300" to="988,1508"
     strokeweight="1pt">
     <v:shadow color="gray [2]"/>
    </v:line><v:line id="_x0000_s17488" style='position:absolute;
     mso-wrap-style:none;v-text-anchor:middle' from="780,1228" to="1060,1508"
     strokeweight="1pt">
     <v:shadow color="gray [2]"/>
    </v:line><v:line id="_x0000_s17489" style='position:absolute;
     mso-wrap-style:none;v-text-anchor:middle' from="852,1228" to="1060,1436"
     strokeweight="1pt">
     <v:shadow color="gray [2]"/>
    </v:line><v:line id="_x0000_s17490" style='position:absolute;
     mso-wrap-style:none;v-text-anchor:middle' from="924,1228" to="1060,1364"
     strokeweight="1pt">
     <v:shadow color="gray [2]"/>
    </v:line><v:line id="_x0000_s17491" style='position:absolute;
     mso-wrap-style:none;v-text-anchor:middle' from="996,1228" to="1060,1292"
     strokeweight="1pt">
     <v:shadow color="gray [2]"/>
    </v:line><v:line id="_x0000_s17492" style='position:absolute;flip:x;
     mso-wrap-style:none;v-text-anchor:middle' from="772,1228" to="852,1292"
     strokeweight="1pt">
     <v:shadow color="gray [2]"/>
    </v:line><v:line id="_x0000_s17493" style='position:absolute;flip:x;
     mso-wrap-style:none;v-text-anchor:middle' from="772,1228" to="924,1364"
     strokeweight="1pt">
     <v:shadow color="gray [2]"/>
    </v:line><v:line id="_x0000_s17494" style='position:absolute;flip:x;
     mso-wrap-style:none;v-text-anchor:middle' from="772,1228" to="996,1436"
     strokeweight="1pt">
     <v:shadow color="gray [2]"/>
    </v:line><v:line id="_x0000_s17495" style='position:absolute;flip:x;
     mso-wrap-style:none;v-text-anchor:middle' from="772,1228" to="1068,1508"
     strokeweight="1pt">
     <v:shadow color="gray [2]"/>
    </v:line><v:line id="_x0000_s17496" style='position:absolute;flip:x;
     mso-wrap-style:none;v-text-anchor:middle' from="844,1300" to="1068,1508"
     strokeweight="1pt">
     <v:shadow color="gray [2]"/>
    </v:line><v:line id="_x0000_s17497" style='position:absolute;flip:x;
     mso-wrap-style:none;v-text-anchor:middle' from="916,1372" to="1068,1508"
     strokeweight="1pt">
     <v:shadow color="gray [2]"/>
    </v:line><v:line id="_x0000_s17498" style='position:absolute;flip:x;
     mso-wrap-style:none;v-text-anchor:middle' from="988,1444" to="1068,1508"
     strokeweight="1pt">
     <v:shadow color="gray [2]"/>
    </v:line><v:line id="_x0000_s17499" style='position:absolute;flip:x;
     mso-wrap-style:none;v-text-anchor:middle' from="772,1728" to="1180,1728"
     strokeweight="1pt">
     <v:shadow color="gray [2]"/>
    </v:line><v:line id="_x0000_s17500" style='position:absolute;flip:x;
     mso-wrap-style:none;v-text-anchor:middle' from="772,1800" to="1180,1800"
     strokeweight="1pt">
     <v:shadow color="gray [2]"/>
    </v:line><v:line id="_x0000_s17501" style='position:absolute;flip:x;
     mso-wrap-style:none;v-text-anchor:middle' from="1388,1872" to="1788,1872"
     strokeweight="1pt">
     <v:shadow color="gray [2]"/>
    </v:line><v:line id="_x0000_s17502" style='position:absolute;flip:x;
     mso-wrap-style:none;v-text-anchor:middle' from="1388,1944" to="1788,1944"
     strokeweight="1pt">
     <v:shadow color="gray [2]"/>
    </v:line><v:line id="_x0000_s17503" style='position:absolute;
     mso-wrap-style:none;v-text-anchor:middle' from="1176,1228" to="1176,1716"
     strokeweight="1pt">
     <v:shadow color="gray [2]"/>
    </v:line><v:line id="_x0000_s17504" style='position:absolute;
     mso-wrap-style:none;v-text-anchor:middle' from="1248,1228" to="1248,1716"
     strokeweight="1pt">
     <v:shadow color="gray [2]"/>
    </v:line><v:line id="_x0000_s17505" style='position:absolute;
     mso-wrap-style:none;v-text-anchor:middle' from="1320,1956" to="1320,2300"
     strokeweight="1pt">
     <v:shadow color="gray [2]"/>
    </v:line><v:line id="_x0000_s17506" style='position:absolute;flip:x;
     mso-wrap-style:none;v-text-anchor:middle' from="636,1872" to="1068,1872"
     strokeweight="1pt">
     <v:shadow color="gray [2]"/>
    </v:line><v:line id="_x0000_s17507" style='position:absolute;flip:x;
     mso-wrap-style:none;v-text-anchor:middle' from="636,1936" to="1068,1936"
     strokeweight="1pt">
     <v:shadow color="gray [2]"/>
    </v:line><v:line id="_x0000_s17508" style='position:absolute;
     mso-wrap-style:none;v-text-anchor:middle' from="1392,1956" to="1392,2300"
     strokeweight="1pt">
     <v:shadow color="gray [2]"/>
    </v:line><v:line id="_x0000_s17509" style='position:absolute;
     mso-wrap-style:none;v-text-anchor:middle' from="1320,1164" to="1320,1508"
     strokeweight="1pt">
     <v:shadow color="gray [2]"/>
    </v:line><v:line id="_x0000_s17510" style='position:absolute;
     mso-wrap-style:none;v-text-anchor:middle' from="1392,1164" to="1392,1508"
     strokeweight="1pt">
     <v:shadow color="gray [2]"/>
    </v:line><v:line id="_x0000_s17511" style='position:absolute;flip:y;
     mso-wrap-style:none;v-text-anchor:middle' from="1112,1652" to="1112,1732"
     strokeweight="1pt">
     <v:shadow color="gray [2]"/>
    </v:line><v:line id="_x0000_s17512" style='position:absolute;flip:x;
     mso-wrap-style:none;v-text-anchor:middle' from="636,1656" to="1116,1656"
     strokeweight="1pt">
     <v:shadow color="gray [2]"/>
    </v:line><v:line id="_x0000_s17513" style='position:absolute;flip:y;
     mso-wrap-style:none;v-text-anchor:middle' from="1536,1652" to="1536,1804"
     strokeweight="1pt">
     <v:shadow color="gray [2]"/>
    </v:line><v:line id="_x0000_s17514" style='position:absolute;
     mso-wrap-style:none;v-text-anchor:middle' from="1540,1656" to="1772,1656"
     strokeweight="1pt">
     <v:shadow color="gray [2]"/>
    </v:line><v:line id="_x0000_s17515" style='position:absolute;
     mso-wrap-style:none;v-text-anchor:middle' from="1404,1800" to="1532,1800"
     strokeweight="1pt">
     <v:shadow color="gray [2]"/>
    </v:line><v:line id="_x0000_s17516" style='position:absolute;flip:y;
     mso-wrap-style:none;v-text-anchor:middle' from="1320,1580" to="1320,1732"
     strokeweight="1pt">
     <v:shadow color="gray [2]"/>
    </v:line><v:line id="_x0000_s17517" style='position:absolute;
     mso-wrap-style:none;v-text-anchor:middle' from="1324,1584" to="1460,1584"
     strokeweight="1pt">
     <v:shadow color="gray [2]"/>
    </v:line><v:line id="_x0000_s17518" style='position:absolute;flip:y;
     mso-wrap-style:none;v-text-anchor:middle' from="1464,1156" to="1464,1588"
     strokeweight="1pt">
     <v:shadow color="gray [2]"/>
    </v:line><v:line id="_x0000_s17519" style='position:absolute;flip:y;
     mso-wrap-style:none;v-text-anchor:middle' from="1464,2156" to="1464,2308"
     strokeweight="1pt">
     <v:shadow color="gray [2]"/>
    </v:line><v:line id="_x0000_s17520" style='position:absolute;
     mso-wrap-style:none;v-text-anchor:middle' from="1252,2160" to="1460,2160"
     strokeweight="1pt">
     <v:shadow color="gray [2]"/>
    </v:line><v:line id="_x0000_s17521" style='position:absolute;flip:y;
     mso-wrap-style:none;v-text-anchor:middle' from="1248,1948" to="1248,2164"
     strokeweight="1pt">
     <v:shadow color="gray [2]"/>
    </v:line><v:line id="_x0000_s17522" style='position:absolute;
     mso-wrap-style:none;v-text-anchor:middle' from="1124,1936" to="1172,1936"
     strokeweight="1pt">
     <v:shadow color="gray [2]"/>
    </v:line><v:line id="_x0000_s17523" style='position:absolute;flip:y;
     mso-wrap-style:none;v-text-anchor:middle' from="1120,1932" to="1120,2020"
     strokeweight="1pt">
     <v:shadow color="gray [2]"/>
    </v:line><v:line id="_x0000_s17524" style='position:absolute;
     mso-wrap-style:none;v-text-anchor:middle' from="780,2016" to="1116,2016"
     strokeweight="1pt">
     <v:shadow color="gray [2]"/>
    </v:line><v:rect id="_x0000_s17525" style='position:absolute;left:640;
     top:1160;width:1144;height:1144;mso-wrap-style:none;v-text-anchor:middle'
     filled="f" fillcolor="#0c9 [4]" strokecolor="red" strokeweight="4pt">
     <v:fill color2="white [0]"/>
     <v:shadow color="gray [2]"/>
    </v:rect></v:group></v:group></p:shaperange>
</xml>