<xml xmlns:v="urn:schemas-microsoft-com:vml"
 xmlns:o="urn:schemas-microsoft-com:office:office"
 xmlns:p="urn:schemas-microsoft-com:office:powerpoint">
 <o:shapelayout v:ext="edit">
  <o:idmap v:ext="edit" data="34,36"/>
 </o:shapelayout><p:shaperange id="_x0000_s35842">
  <v:shape id="_x0000_s35842" type="#_x0000_m5122" style='position:absolute;
   left:54pt;top:30pt;width:612pt;height:54pt' o:userdrawn="f">
   <v:fill o:detectmouseclick="f"/>
   <v:stroke o:forcedash="f"/>
   <o:lock v:ext="edit" text="f"/>
   <p:placeholder type="title"/>
  </v:shape><v:shape id="_x0000_s35843" type="#_x0000_m5123" style='position:absolute;
   left:54pt;top:102pt;width:612pt;height:408pt' o:userdrawn="f">
   <v:fill o:detectmouseclick="f"/>
   <v:stroke o:forcedash="f"/>
   <o:lock v:ext="edit" text="f"/>
   <p:placeholder type="body" position="1"/>
  </v:shape><v:group id="_x0000_s35918" style='position:absolute;left:42pt;
   top:343.125pt;width:637.5pt;height:130.875pt' coordorigin="324,2697"
   coordsize="5100,1047">
   <v:rect id="_x0000_s35919" style='position:absolute;left:4845;top:2840;
    width:115;height:570;mso-wrap-style:none;v-text-anchor:middle' fillcolor="#fc9"
    stroked="f" strokecolor="black [1]">
    <v:shadow color="gray [2]"/>
   </v:rect><v:rect id="_x0000_s35920" style='position:absolute;left:4486;
    top:2840;width:234;height:573;mso-wrap-style:none;v-text-anchor:middle'
    fillcolor="#fc9" stroked="f" strokecolor="black [1]">
    <v:shadow color="gray [2]"/>
   </v:rect><v:rect id="_x0000_s35921" style='position:absolute;left:3103;
    top:2840;width:540;height:573;mso-wrap-style:none;v-text-anchor:middle'
    fillcolor="#9cf" strokecolor="black [1]">
    <v:shadow color="gray [2]"/>
   </v:rect><v:rect id="_x0000_s35922" style='position:absolute;left:2803;
    top:2840;width:120;height:573;mso-wrap-style:none;v-text-anchor:middle'
    fillcolor="#9cf" strokecolor="black [1]">
    <v:shadow color="gray [2]"/>
   </v:rect><v:rect id="_x0000_s35923" style='position:absolute;left:1784;
    top:2840;width:536;height:573;mso-wrap-style:none;v-text-anchor:middle'
    fillcolor="#fc9" stroked="f" strokecolor="black [1]">
    <v:shadow color="gray [2]"/>
   </v:rect><v:rect id="_x0000_s35924" style='position:absolute;left:1182;
    top:2840;width:120;height:573;mso-wrap-style:none;v-text-anchor:middle'
    fillcolor="#9cf" strokecolor="black [1]">
    <v:shadow color="gray [2]"/>
   </v:rect><v:line id="_x0000_s35925" style='position:absolute;
    mso-wrap-style:none;v-text-anchor:middle' from="4963,3126" to="5232,3129"
    strokecolor="black [1]" strokeweight="3pt">
    <v:stroke endarrow="block" endarrowwidth="narrow" endarrowlength="short"/>
    <v:shadow color="gray [2]"/>
   </v:line><v:line id="_x0000_s35926" style='position:absolute;
    mso-wrap-style:none;v-text-anchor:middle' from="4723,3126" to="4843,3126"
    strokecolor="black [1]" strokeweight="3pt">
    <v:stroke endarrow="block" endarrowwidth="narrow" endarrowlength="short"/>
    <v:shadow color="gray [2]"/>
   </v:line><v:line id="_x0000_s35927" style='position:absolute;
    mso-wrap-style:none;v-text-anchor:middle' from="4303,3198" to="4483,3198"
    strokecolor="black [1]" strokeweight="3pt">
    <v:stroke endarrow="block" endarrowwidth="narrow" endarrowlength="short"/>
    <v:shadow color="gray [2]"/>
   </v:line><v:line id="_x0000_s35928" style='position:absolute;
    mso-wrap-style:none;v-text-anchor:middle' from="4363,2984" to="4483,2984"
    strokecolor="black [1]" strokeweight="3pt">
    <v:stroke endarrow="block" endarrowwidth="narrow" endarrowlength="short"/>
    <v:shadow color="gray [2]"/>
   </v:line><v:line id="_x0000_s35929" style='position:absolute;flip:y;
    mso-wrap-style:none;v-text-anchor:middle' from="4363,2697" to="4363,2984"
    strokecolor="black [1]" strokeweight="3pt">
    <v:shadow color="gray [2]"/>
   </v:line><v:line id="_x0000_s35930" style='position:absolute;flip:x;
    mso-wrap-style:none;v-text-anchor:middle' from="2384,2697" to="4363,2697"
    strokecolor="black [1]" strokeweight="3pt">
    <v:shadow color="gray [2]"/>
   </v:line><v:line id="_x0000_s35931" style='position:absolute;
    mso-wrap-style:none;v-text-anchor:middle' from="2323,3126" to="2383,3126"
    strokecolor="black [1]" strokeweight="3pt">
    <v:shadow color="gray [2]"/>
   </v:line><v:line id="_x0000_s35932" style='position:absolute;flip:y;
    mso-wrap-style:none;v-text-anchor:middle' from="2383,2697" to="2383,3126"
    strokecolor="black [1]" strokeweight="3pt">
    <v:shadow color="gray [2]"/>
   </v:line><v:line id="_x0000_s35933" style='position:absolute;
    mso-wrap-style:none;v-text-anchor:middle' from="5040,3129" to="5040,3483"
    strokecolor="#ffa041" strokeweight="2pt">
    <v:stroke startarrow="oval" startarrowwidth="narrow" startarrowlength="short"/>
    <v:shadow color="gray [2]"/>
   </v:line><v:line id="_x0000_s35934" style='position:absolute;flip:x y;
    mso-wrap-style:none;v-text-anchor:middle' from="3763,3485" to="5041,3487"
    strokecolor="#ffa041" strokeweight="2pt">
    <v:shadow color="gray [2]"/>
   </v:line><v:line id="_x0000_s35935" style='position:absolute;
    mso-wrap-style:none;v-text-anchor:middle' from="3763,3270" to="3883,3270"
    strokecolor="#ffa041" strokeweight="2pt">
    <v:stroke endarrow="block" endarrowwidth="narrow" endarrowlength="short"/>
    <v:shadow color="gray [2]"/>
   </v:line><v:line id="_x0000_s35936" style='position:absolute;flip:y;
    mso-wrap-style:none;v-text-anchor:middle' from="3763,3270" to="3763,3485"
    strokecolor="#ffa041" strokeweight="2pt">
    <v:shadow color="gray [2]"/>
   </v:line><v:line id="_x0000_s35937" style='position:absolute;
    mso-wrap-style:none;v-text-anchor:middle' from="4003,3055" to="4183,3055"
    strokecolor="#ffa041" strokeweight="2pt">
    <v:stroke endarrow="block" endarrowwidth="narrow" endarrowlength="short"/>
    <v:shadow color="gray [2]"/>
   </v:line><v:line id="_x0000_s35938" style='position:absolute;
    mso-wrap-style:none;v-text-anchor:middle' from="4063,3270" to="4183,3270"
    strokecolor="#41a0ff" strokeweight="2pt">
    <v:stroke endarrow="block" endarrowwidth="narrow" endarrowlength="short"/>
    <v:shadow color="gray [2]"/>
   </v:line><v:line id="_x0000_s35939" style='position:absolute;
    mso-wrap-style:none;v-text-anchor:middle' from="3763,3055" to="3883,3055"
    strokecolor="#ffa041" strokeweight="2pt">
    <v:stroke endarrow="block" endarrowwidth="narrow" endarrowlength="short"/>
    <v:shadow color="gray [2]"/>
   </v:line><v:line id="_x0000_s35940" style='position:absolute;flip:y;
    mso-wrap-style:none;v-text-anchor:middle' from="3763,2984" to="3763,3055"
    strokecolor="#ffa041" strokeweight="2pt">
    <v:shadow color="gray [2]"/>
   </v:line><v:shapetype id="_x0000_t202" coordsize="21600,21600" o:spt="202"
    path="m0,0l0,21600,21600,21600,21600,0xe">
    <v:stroke joinstyle="miter"/>
    <v:path gradientshapeok="t" o:connecttype="rect"/>
   </v:shapetype><v:shape id="_x0000_s35941" type="#_x0000_t202" style='position:absolute;
    left:3678;top:2791;width:180;height:212;mso-wrap-style:none;
    v-text-anchor:top-baseline' filled="f" fillcolor="#0c9 [4]" stroked="f"
    strokecolor="black [1]">
    <v:fill color2="white [0]"/>
    <v:shadow color="gray [2]"/>
    <v:textbox style='mso-fit-shape-to-text:t'/>
   </v:shape><v:line id="_x0000_s35942" style='position:absolute;
    mso-wrap-style:none;v-text-anchor:middle' from="3703,3126" to="3703,3555"
    strokecolor="#41a0ff" strokeweight="2pt">
    <v:shadow color="gray [2]"/>
   </v:line><v:line id="_x0000_s35943" style='position:absolute;
    mso-wrap-style:none;v-text-anchor:middle' from="3703,3555" to="4063,3555"
    strokecolor="#41a0ff" strokeweight="2pt">
    <v:shadow color="gray [2]"/>
   </v:line><v:line id="_x0000_s35944" style='position:absolute;flip:y;
    mso-wrap-style:none;v-text-anchor:middle' from="4063,3270" to="4063,3555"
    strokecolor="#41a0ff" strokeweight="2pt">
    <v:shadow color="gray [2]"/>
   </v:line><v:line id="_x0000_s35945" style='position:absolute;
    mso-wrap-style:none;v-text-anchor:middle' from="2981,3270" to="3102,3270"
    strokecolor="#41a0ff" strokeweight="2pt">
    <v:stroke endarrow="block" endarrowwidth="narrow" endarrowlength="short"/>
    <v:shadow color="gray [2]"/>
   </v:line><v:line id="_x0000_s35946" style='position:absolute;
    mso-wrap-style:none;v-text-anchor:middle' from="2921,3055" to="3102,3055"
    strokecolor="#41a0ff" strokeweight="2pt">
    <v:stroke endarrow="block" endarrowwidth="narrow" endarrowlength="short"/>
    <v:shadow color="gray [2]"/>
   </v:line><v:line id="_x0000_s35947" style='position:absolute;
    mso-wrap-style:none;v-text-anchor:middle' from="2981,3270" to="2981,3627"
    strokecolor="#41a0ff" strokeweight="2pt">
    <v:shadow color="gray [2]"/>
   </v:line><v:line id="_x0000_s35948" style='position:absolute;
    mso-wrap-style:none;v-text-anchor:middle' from="2981,2769" to="2981,3055"
    strokecolor="#41a0ff" strokeweight="2pt">
    <v:stroke endarrow="oval" endarrowwidth="narrow" endarrowlength="short"/>
    <v:shadow color="gray [2]"/>
   </v:line><v:line id="_x0000_s35949" style='position:absolute;flip:x;
    mso-wrap-style:none;v-text-anchor:middle' from="2443,2769" to="2983,2769"
    strokecolor="#41a0ff" strokeweight="2pt">
    <v:shadow color="gray [2]"/>
   </v:line><v:line id="_x0000_s35950" style='position:absolute;
    mso-wrap-style:none;v-text-anchor:middle' from="2443,2769" to="2443,2984"
    strokecolor="#41a0ff" strokeweight="2pt">
    <v:shadow color="gray [2]"/>
   </v:line><v:line id="_x0000_s35951" style='position:absolute;
    mso-wrap-style:none;v-text-anchor:middle' from="2443,2984" to="2563,2984"
    strokecolor="#41a0ff" strokeweight="2pt">
    <v:stroke endarrow="block" endarrowwidth="narrow" endarrowlength="short"/>
    <v:shadow color="gray [2]"/>
   </v:line><v:line id="_x0000_s35952" style='position:absolute;
    mso-wrap-style:none;v-text-anchor:middle' from="2443,3270" to="2563,3270"
    strokecolor="#41a0ff" strokeweight="2pt">
    <v:stroke endarrow="block" endarrowwidth="narrow" endarrowlength="short"/>
    <v:shadow color="gray [2]"/>
   </v:line><v:line id="_x0000_s35953" style='position:absolute;
    mso-wrap-style:none;v-text-anchor:middle' from="2443,3270" to="2443,3485"
    strokecolor="#41a0ff" strokeweight="2pt">
    <v:stroke endarrowwidth="narrow" endarrowlength="short"/>
    <v:shadow color="gray [2]"/>
   </v:line><v:line id="_x0000_s35954" style='position:absolute;flip:x;
    mso-wrap-style:none;v-text-anchor:middle' from="1662,3627" to="2983,3627"
    strokecolor="#41a0ff" strokeweight="2pt">
    <v:stroke startarrowwidth="narrow" startarrowlength="short" endarrow="oval"
     endarrowwidth="narrow" endarrowlength="short"/>
    <v:shadow color="gray [2]"/>
   </v:line><v:line id="_x0000_s35955" style='position:absolute;
    mso-wrap-style:none;v-text-anchor:middle' from="1662,3198" to="1782,3198"
    strokecolor="black [1]" strokeweight="3pt">
    <v:stroke endarrow="block" endarrowwidth="narrow" endarrowlength="short"/>
    <v:shadow color="gray [2]"/>
   </v:line><v:line id="_x0000_s35956" style='position:absolute;
    mso-wrap-style:none;v-text-anchor:middle' from="1602,3055" to="1782,3055"
    strokecolor="black [1]" strokeweight="3pt">
    <v:stroke endarrow="block" endarrowwidth="narrow" endarrowlength="short"/>
    <v:shadow color="gray [2]"/>
   </v:line><v:line id="_x0000_s35957" style='position:absolute;flip:y;
    mso-wrap-style:none;v-text-anchor:middle' from="1662,3198" to="1662,3627"
    strokecolor="black [1]" strokeweight="3pt">
    <v:shadow color="gray [2]"/>
   </v:line><v:line id="_x0000_s35958" style='position:absolute;
    mso-wrap-style:none;v-text-anchor:middle' from="1362,3270" to="1482,3270"
    strokecolor="#ffa041" strokeweight="2pt">
    <v:stroke endarrow="block" endarrowwidth="narrow" endarrowlength="short"/>
    <v:shadow color="gray [2]"/>
   </v:line><v:line id="_x0000_s35959" style='position:absolute;flip:y;
    mso-wrap-style:none;v-text-anchor:middle' from="1362,3270" to="1362,3485"
    strokecolor="#ffa041" strokeweight="2pt">
    <v:shadow color="gray [2]"/>
   </v:line><v:line id="_x0000_s35960" style='position:absolute;
    mso-wrap-style:none;v-text-anchor:middle' from="822,3270" to="942,3270"
    strokecolor="#41a0ff" strokeweight="2pt">
    <v:stroke endarrow="block" endarrowwidth="narrow" endarrowlength="short"/>
    <v:shadow color="gray [2]"/>
   </v:line><v:line id="_x0000_s35961" style='position:absolute;
    mso-wrap-style:none;v-text-anchor:middle' from="1302,2984" to="1482,2984"
    strokecolor="#41a0ff" strokeweight="2pt">
    <v:stroke endarrow="block" endarrowwidth="narrow" endarrowlength="short"/>
    <v:shadow color="gray [2]"/>
   </v:line><v:line id="_x0000_s35962" style='position:absolute;
    mso-wrap-style:none;v-text-anchor:middle' from="822,2984" to="942,2984"
    strokecolor="#41a0ff" strokeweight="2pt">
    <v:stroke endarrow="block" endarrowwidth="narrow" endarrowlength="short"/>
    <v:shadow color="gray [2]"/>
   </v:line><v:line id="_x0000_s35963" style='position:absolute;flip:y;
    mso-wrap-style:none;v-text-anchor:middle' from="822,2769" to="822,2984"
    strokecolor="#41a0ff" strokeweight="2pt">
    <v:shadow color="gray [2]"/>
   </v:line><v:line id="_x0000_s35964" style='position:absolute;
    mso-wrap-style:none;v-text-anchor:middle' from="822,2769" to="1362,2769"
    strokecolor="#41a0ff" strokeweight="2pt">
    <v:shadow color="gray [2]"/>
   </v:line><v:line id="_x0000_s35965" style='position:absolute;
    mso-wrap-style:none;v-text-anchor:middle' from="1362,2769" to="1362,2984"
    strokecolor="#41a0ff" strokeweight="2pt">
    <v:stroke endarrow="oval" endarrowwidth="narrow" endarrowlength="short"/>
    <v:shadow color="gray [2]"/>
   </v:line><v:line id="_x0000_s35966" style='position:absolute;flip:x;
    mso-wrap-style:none;v-text-anchor:middle' from="702,3627" to="1662,3627"
    strokecolor="black [1]" strokeweight="3pt">
    <v:shadow color="gray [2]"/>
   </v:line><v:shape id="_x0000_s35967" type="#_x0000_t202" style='position:absolute;
    left:336;top:3513;width:348;height:231;mso-wrap-style:none;v-text-anchor:top-baseline'
    filled="f" fillcolor="#0c9 [4]" stroked="f" strokecolor="black [1]">
    <v:fill color2="white [0]"/>
    <v:shadow color="gray [2]"/>
    <v:textbox style='mso-fit-shape-to-text:t'/>
   </v:shape><v:shape id="_x0000_s35968" type="#_x0000_t202" style='position:absolute;
    left:324;top:3330;width:348;height:231;mso-wrap-style:none;v-text-anchor:top-baseline'
    filled="f" fillcolor="#0c9 [4]" stroked="f" strokecolor="black [1]">
    <v:fill color2="white [0]"/>
    <v:shadow color="gray [2]"/>
    <v:textbox style='mso-fit-shape-to-text:t'/>
   </v:shape><v:shape id="_x0000_s35969" type="#_x0000_t202" style='position:absolute;
    left:4996;top:2850;width:428;height:231;mso-wrap-style:none;
    v-text-anchor:top-baseline' filled="f" fillcolor="#0c9 [4]" stroked="f"
    strokecolor="black [1]">
    <v:fill color2="white [0]"/>
    <v:shadow color="gray [2]"/>
    <v:textbox style='mso-fit-shape-to-text:t'/>
   </v:shape><v:line id="_x0000_s35970" style='position:absolute;flip:x;
    mso-wrap-style:none;v-text-anchor:middle' from="1356,3485" to="2443,3485"
    strokecolor="#41a0ff" strokeweight="2pt">
    <v:stroke startarrowwidth="narrow" startarrowlength="short"
     endarrowwidth="narrow" endarrowlength="short"/>
    <v:shadow color="gray [2]"/>
   </v:line><v:line id="_x0000_s35971" style='position:absolute;
    mso-wrap-style:none;v-text-anchor:middle' from="1062,3139" to="1182,3139"
    strokecolor="#41a0ff" strokeweight="2pt">
    <v:stroke endarrow="block" endarrowwidth="narrow" endarrowlength="short"/>
    <v:shadow color="gray [2]"/>
   </v:line><v:shapetype id="_x0000_t8" coordsize="21600,21600" o:spt="8"
    adj="5400" path="m0,0l@0,21600@1,21600,21600,0xe">
    <v:stroke joinstyle="miter"/>
    <v:formulas>
     <v:f eqn="val #0"/>
     <v:f eqn="sum width 0 #0"/>
     <v:f eqn="prod #0 1 2"/>
     <v:f eqn="sum width 0 @2"/>
     <v:f eqn="mid #0 width"/>
     <v:f eqn="mid @1 0"/>
     <v:f eqn="prod height width #0"/>
     <v:f eqn="prod @6 1 2"/>
     <v:f eqn="sum height 0 @7"/>
     <v:f eqn="prod width 1 2"/>
     <v:f eqn="sum #0 0 @9"/>
     <v:f eqn="if @10 @8 0"/>
     <v:f eqn="if @10 @7 height"/>
    </v:formulas>
    <v:path gradientshapeok="t" o:connecttype="custom" o:connectlocs="@3,10800;10800,21600;@2,10800;10800,0"
     textboxrect="1800,1800,19800,19800;4500,4500,17100,17100;7200,7200,14400,14400"/>
    <v:handles>
     <v:h position="#0,bottomRight" xrange="0,10800"/>
    </v:handles>
   </v:shapetype><v:shape id="_x0000_s35972" type="#_x0000_t8" style='position:absolute;
    left:1259;top:3062;width:570;height:128;rotation:-90;mso-wrap-style:none;
    v-text-anchor:middle' fillcolor="#396" strokecolor="black [1]">
    <v:shadow color="gray [2]"/>
    <o:lock v:ext="edit" aspectratio="t"/>
   </v:shape><v:shape id="_x0000_s35973" type="#_x0000_t8" style='position:absolute;
    left:717;top:3058;width:570;height:128;rotation:-90;mso-wrap-style:none;
    v-text-anchor:middle' fillcolor="#9cf" strokecolor="black [1]">
    <v:shadow color="gray [2]"/>
    <o:lock v:ext="edit" aspectratio="t"/>
   </v:shape><v:shape id="_x0000_s35974" type="#_x0000_t8" style='position:absolute;
    left:2335;top:3056;width:570;height:128;rotation:-90;mso-wrap-style:none;
    v-text-anchor:middle' fillcolor="#9cf" strokecolor="black [1]">
    <v:shadow color="gray [2]"/>
    <o:lock v:ext="edit" aspectratio="t"/>
   </v:shape><v:shape id="_x0000_s35975" type="#_x0000_t8" style='position:absolute;
    left:3667;top:3062;width:570;height:128;rotation:-90;mso-wrap-style:none;
    v-text-anchor:middle' fillcolor="#fc9" strokecolor="black [1]">
    <v:shadow color="gray [2]"/>
    <o:lock v:ext="edit" aspectratio="t"/>
   </v:shape><v:shape id="_x0000_s35976" type="#_x0000_t8" style='position:absolute;
    left:3955;top:3062;width:570;height:128;rotation:-90;mso-wrap-style:none;
    v-text-anchor:middle' fillcolor="#396" strokecolor="black [1]">
    <v:shadow color="gray [2]"/>
    <o:lock v:ext="edit" aspectratio="t"/>
   </v:shape><v:line id="_x0000_s35977" style='position:absolute;
    mso-wrap-style:none;v-text-anchor:middle' from="2688,3129" to="2809,3129"
    strokecolor="#41a0ff" strokeweight="2pt">
    <v:stroke endarrow="block" endarrowwidth="narrow" endarrowlength="short"/>
    <v:shadow color="gray [2]"/>
   </v:line><v:line id="_x0000_s35978" style='position:absolute;flip:x;
    mso-wrap-style:none;v-text-anchor:middle' from="3645,3120" to="3702,3120"
    strokecolor="#41a0ff" strokeweight="2pt">
    <v:shadow color="gray [2]"/>
   </v:line><v:shape id="_x0000_s35979" type="#_x0000_t202" style='position:absolute;
    left:3262;top:2998;width:212;height:250;mso-wrap-style:none;
    v-text-anchor:top-baseline' filled="f" fillcolor="#0c9 [4]" stroked="f"
    strokecolor="black [1]">
    <v:fill color2="white [0]"/>
    <v:shadow color="gray [2]"/>
    <o:lock v:ext="edit" aspectratio="t"/>
    <v:textbox style='mso-fit-shape-to-text:t'/>
   </v:shape><v:rect id="_x0000_s35980" style='position:absolute;left:1785;
    top:3129;width:536;height:285;mso-wrap-style:none;v-text-anchor:middle'
    fillcolor="#9cf" stroked="f" strokecolor="black [1]">
    <v:shadow color="gray [2]"/>
   </v:rect><v:shape id="_x0000_s35981" type="#_x0000_t202" style='position:absolute;
    left:1948;top:2985;width:212;height:250;mso-wrap-style:none;
    v-text-anchor:top-baseline' filled="f" fillcolor="#0c9 [4]" stroked="f"
    strokecolor="black [1]">
    <v:fill color2="white [0]"/>
    <v:shadow color="gray [2]"/>
    <o:lock v:ext="edit" aspectratio="t"/>
    <v:textbox style='mso-fit-shape-to-text:t'/>
   </v:shape><v:rect id="_x0000_s35982" style='position:absolute;left:4487;
    top:3129;width:233;height:285;mso-wrap-style:none;v-text-anchor:middle'
    fillcolor="#9cf" stroked="f" strokecolor="black [1]">
    <v:shadow color="gray [2]"/>
   </v:rect><v:shape id="_x0000_s35983" type="#_x0000_t202" style='position:absolute;
    left:4497;top:3002;width:212;height:250;mso-wrap-style:none;
    v-text-anchor:top-baseline' filled="f" fillcolor="#0c9 [4]" stroked="f"
    strokecolor="black [1]">
    <v:fill color2="white [0]"/>
    <v:shadow color="gray [2]"/>
    <o:lock v:ext="edit" aspectratio="t"/>
    <v:textbox style='mso-fit-shape-to-text:t'/>
   </v:shape><v:rect id="_x0000_s35984" style='position:absolute;left:4846;
    top:3127;width:114;height:286;mso-wrap-style:none;v-text-anchor:middle'
    fillcolor="#9cf" stroked="f" strokecolor="black [1]">
    <v:shadow color="gray [2]"/>
   </v:rect><v:rect id="_x0000_s35985" style='position:absolute;left:4843;
    top:2838;width:120;height:573;mso-wrap-style:none;v-text-anchor:middle'
    filled="f" fillcolor="#fc9">
    <v:shadow color="gray [2]"/>
   </v:rect><v:rect id="_x0000_s35986" style='position:absolute;left:4484;
    top:2840;width:240;height:573;mso-wrap-style:none;v-text-anchor:middle'
    filled="f" fillcolor="#fc9" strokecolor="black [1]">
    <v:shadow color="gray [2]"/>
   </v:rect><v:rect id="_x0000_s35987" style='position:absolute;left:1780;
    top:2840;width:541;height:573;mso-wrap-style:none;v-text-anchor:middle'
    filled="f" fillcolor="#fc9" strokecolor="black [1]">
    <v:shadow color="gray [2]"/>
   </v:rect><v:line id="_x0000_s35988" style='position:absolute;flip:x;
    mso-wrap-style:none;v-text-anchor:middle' from="702,3485" to="1362,3485"
    strokecolor="black [1]" strokeweight="3pt">
    <v:stroke startarrow="oval" startarrowwidth="narrow" startarrowlength="short"/>
    <v:shadow color="gray [2]"/>
   </v:line><v:line id="_x0000_s35989" style='position:absolute;
    mso-wrap-style:none;v-text-anchor:middle' from="822,3270" to="822,3485"
    strokecolor="#41a0ff" strokeweight="2pt">
    <v:stroke endarrow="oval" endarrowwidth="narrow" endarrowlength="short"/>
    <v:shadow color="gray [2]"/>
   </v:line></v:group></p:shaperange>
</xml>